{"roi": "{\"srcX\":90,\"srcY\":82,\"destX\":524,\"destY\":278}", "tracer-id": "gus", "subject-id": "001", "project-id": "SG2014", "trace-data": {"frame-0014436.png": [{"y": 254, "x": 306}, {"y": 253, "x": 307}, {"y": 252, "x": 308}, {"y": 250, "x": 309}, {"y": 249, "x": 310}, {"y": 249, "x": 311}, {"y": 248, "x": 312}, {"y": 248, "x": 313}, {"y": 247, "x": 314}, {"y": 247, "x": 315}, {"y": 246, "x": 316}, {"y": 245, "x": 317}, {"y": 245, "x": 318}, {"y": 243, "x": 319}, {"y": 243, "x": 320}, {"y": 242, "x": 321}, {"y": 242, "x": 322}, {"y": 242, "x": 323}, {"y": 242, "x": 324}, {"y": 241, "x": 325}, {"y": 241, "x": 326}, {"y": 240, "x": 327}, {"y": 240, "x": 328}, {"y": 240, "x": 329}, {"y": 239, "x": 330}, {"y": 238, "x": 331}, {"y": 238, "x": 332}, {"y": 238, "x": 333}, {"y": 237, "x": 334}, {"y": 236, "x": 335}, {"y": 236, "x": 336}, {"y": 235, "x": 337}, {"y": 235, "x": 338}, {"y": 234, "x": 339}, {"y": 234, "x": 340}, {"y": 234, "x": 341}, {"y": 234, "x": 342}, {"y": 234, "x": 343}, {"y": 234, "x": 344}, {"y": 234, "x": 345}, {"y": 233, "x": 346}, {"y": 233, "x": 347}, {"y": 233, "x": 348}, {"y": 232, "x": 349}, {"y": 232, "x": 350}, {"y": 231, "x": 351}, {"y": 230, "x": 352}, {"y": 230, "x": 353}, {"y": 230, "x": 354}, {"y": 230, "x": 355}, {"y": 230, "x": 356}, {"y": 229, "x": 357}, {"y": 228, "x": 358}, {"y": 227, "x": 359}, {"y": 226, "x": 360}, {"y": 226, "x": 361}, {"y": 226, "x": 362}, {"y": 226, "x": 363}, {"y": 225, "x": 364}, {"y": 225, "x": 365}, {"y": 225, "x": 366}, {"y": 225, "x": 367}, {"y": 224, "x": 368}, {"y": 224, "x": 369}, {"y": 224, "x": 370}, {"y": 224, "x": 371}, {"y": 224, "x": 372}, {"y": 224, "x": 373}, {"y": 224, "x": 374}, {"y": 224, "x": 375}, {"y": 224, "x": 376}, {"y": 224, "x": 377}, {"y": 224, "x": 378}, {"y": 224, "x": 379}, {"y": 224, "x": 380}, {"y": 224, "x": 381}, {"y": 224, "x": 382}, {"y": 224, "x": 383}, {"y": 224, "x": 384}, {"y": 224, "x": 385}, {"y": 224, "x": 386}, {"y": 224, "x": 387}, {"y": 224, "x": 388}, {"y": 225, "x": 389}, {"y": 225, "x": 390}, {"y": 225, "x": 391}, {"y": 225, "x": 392}, {"y": 225, "x": 393}, {"y": 225, "x": 394}, {"y": 225, "x": 395}, {"y": 225, "x": 396}, {"y": 225, "x": 397}, {"y": 225, "x": 398}, {"y": 225, "x": 399}, {"y": 226, "x": 400}, {"y": 226, "x": 401}, {"y": 226, "x": 402}, {"y": 226, "x": 403}, {"y": 227, "x": 404}, {"y": 227, "x": 405}, {"y": 227, "x": 406}, {"y": 227, "x": 407}, {"y": 227, "x": 408}, {"y": 227, "x": 409}, {"y": 227, "x": 410}, {"y": 227, "x": 411}, {"y": 227, "x": 412}, {"y": 227, "x": 413}, {"y": 228, "x": 414}, {"y": 228, "x": 415}, {"y": 228, "x": 416}, {"y": 229, "x": 417}, {"y": 229, "x": 418}, {"y": 229, "x": 419}, {"y": 230, "x": 420}, {"y": 231, "x": 421}, {"y": 231, "x": 422}, {"y": 232, "x": 423}, {"y": 232, "x": 424}, {"y": 233, "x": 425}, {"y": 234, "x": 426}, {"y": 234, "x": 427}, {"y": 235, "x": 428}, {"y": 235, "x": 429}, {"y": 236, "x": 430}, {"y": 237, "x": 431}, {"y": 237, "x": 432}, {"y": 238, "x": 433}, {"y": 238, "x": 434}, {"y": 239, "x": 435}, {"y": 240, "x": 436}, {"y": 240, "x": 437}, {"y": 240, "x": 438}, {"y": 241, "x": 439}, {"y": 242, "x": 440}, {"y": 242, "x": 441}, {"y": 243, "x": 442}, {"y": 244, "x": 443}, {"y": 244, "x": 444}, {"y": 244, "x": 445}, {"y": 244, "x": 446}, {"y": 245, "x": 447}, {"y": 245, "x": 448}, {"y": 245, "x": 449}, {"y": 245, "x": 450}, {"y": 246, "x": 451}, {"y": 246, "x": 452}, {"y": 246, "x": 453}, {"y": 246, "x": 454}, {"y": 246, "x": 455}, {"y": 246, "x": 456}, {"y": 246, "x": 457}], "frame-0014437.png": [{"y": 260, "x": 301}, {"y": 259, "x": 302}, {"y": 257, "x": 303}, {"y": 257, "x": 304}, {"y": 256, "x": 305}, {"y": 255, "x": 306}, {"y": 254, "x": 307}, {"y": 252, "x": 308}, {"y": 251, "x": 309}, {"y": 250, "x": 310}, {"y": 250, "x": 311}, {"y": 250, "x": 312}, {"y": 249, "x": 313}, {"y": 249, "x": 314}, {"y": 247, "x": 315}, {"y": 247, "x": 316}, {"y": 247, "x": 317}, {"y": 246, "x": 318}, {"y": 245, "x": 319}, {"y": 244, "x": 320}, {"y": 244, "x": 321}, {"y": 244, "x": 322}, {"y": 243, "x": 323}, {"y": 242, "x": 324}, {"y": 242, "x": 325}, {"y": 242, "x": 326}, {"y": 242, "x": 327}, {"y": 241, "x": 328}, {"y": 240, "x": 329}, {"y": 239, "x": 330}, {"y": 238, "x": 331}, {"y": 238, "x": 332}, {"y": 237, "x": 333}, {"y": 236, "x": 334}, {"y": 236, "x": 335}, {"y": 236, "x": 336}, {"y": 235, "x": 337}, {"y": 235, "x": 338}, {"y": 234, "x": 339}, {"y": 233, "x": 340}, {"y": 233, "x": 341}, {"y": 232, "x": 342}, {"y": 232, "x": 343}, {"y": 231, "x": 344}, {"y": 231, "x": 345}, {"y": 231, "x": 346}, {"y": 231, "x": 347}, {"y": 231, "x": 348}, {"y": 230, "x": 349}, {"y": 230, "x": 350}, {"y": 230, "x": 351}, {"y": 230, "x": 352}, {"y": 229, "x": 353}, {"y": 229, "x": 354}, {"y": 229, "x": 355}, {"y": 228, "x": 356}, {"y": 228, "x": 357}, {"y": 228, "x": 358}, {"y": 228, "x": 359}, {"y": 228, "x": 360}, {"y": 227, "x": 361}, {"y": 227, "x": 362}, {"y": 226, "x": 363}, {"y": 226, "x": 364}, {"y": 226, "x": 365}, {"y": 226, "x": 366}, {"y": 225, "x": 367}, {"y": 225, "x": 368}, {"y": 224, "x": 369}, {"y": 224, "x": 370}, {"y": 223, "x": 371}, {"y": 223, "x": 372}, {"y": 223, "x": 373}, {"y": 222, "x": 374}, {"y": 222, "x": 375}, {"y": 222, "x": 376}, {"y": 222, "x": 377}, {"y": 222, "x": 378}, {"y": 222, "x": 379}, {"y": 222, "x": 380}, {"y": 222, "x": 381}, {"y": 222, "x": 382}, {"y": 222, "x": 383}, {"y": 222, "x": 384}, {"y": 222, "x": 385}, {"y": 222, "x": 386}, {"y": 222, "x": 387}, {"y": 222, "x": 388}, {"y": 222, "x": 389}, {"y": 222, "x": 390}, {"y": 222, "x": 391}, {"y": 222, "x": 392}, {"y": 222, "x": 393}, {"y": 222, "x": 394}, {"y": 222, "x": 395}, {"y": 222, "x": 396}, {"y": 222, "x": 397}, {"y": 222, "x": 398}, {"y": 222, "x": 399}, {"y": 222, "x": 400}, {"y": 222, "x": 401}, {"y": 222, "x": 402}, {"y": 223, "x": 403}, {"y": 223, "x": 404}, {"y": 223, "x": 405}, {"y": 223, "x": 406}, {"y": 224, "x": 407}, {"y": 224, "x": 408}, {"y": 226, "x": 409}, {"y": 226, "x": 410}, {"y": 226, "x": 411}, {"y": 226, "x": 412}, {"y": 226, "x": 413}, {"y": 227, "x": 414}, {"y": 227, "x": 415}, {"y": 227, "x": 416}, {"y": 227, "x": 417}, {"y": 228, "x": 418}, {"y": 228, "x": 419}, {"y": 229, "x": 420}, {"y": 230, "x": 421}, {"y": 230, "x": 422}, {"y": 231, "x": 423}, {"y": 232, "x": 424}, {"y": 232, "x": 425}, {"y": 233, "x": 426}, {"y": 233, "x": 427}, {"y": 233, "x": 428}, {"y": 234, "x": 429}, {"y": 234, "x": 430}, {"y": 234, "x": 431}, {"y": 235, "x": 432}, {"y": 235, "x": 433}, {"y": 236, "x": 434}, {"y": 237, "x": 435}, {"y": 237, "x": 436}, {"y": 238, "x": 437}, {"y": 239, "x": 438}, {"y": 240, "x": 439}, {"y": 240, "x": 440}, {"y": 241, "x": 441}, {"y": 242, "x": 442}, {"y": 242, "x": 443}, {"y": 242, "x": 444}, {"y": 242, "x": 445}, {"y": 243, "x": 446}, {"y": 242, "x": 447}, {"y": 242, "x": 448}, {"y": 242, "x": 449}, {"y": 242, "x": 450}, {"y": 242, "x": 451}, {"y": 242, "x": 452}, {"y": 242, "x": 453}, {"y": 242, "x": 454}, {"y": 244, "x": 455}, {"y": 244, "x": 456}, {"y": 245, "x": 457}, {"y": 245, "x": 458}, {"y": 245, "x": 459}, {"y": 246, "x": 460}, {"y": 247, "x": 461}, {"y": 248, "x": 462}], "frame-0014434.png": [{"y": 263, "x": 299}, {"y": 262, "x": 300}, {"y": 261, "x": 301}, {"y": 261, "x": 302}, {"y": 259, "x": 303}, {"y": 258, "x": 304}, {"y": 257, "x": 305}, {"y": 255, "x": 306}, {"y": 255, "x": 307}, {"y": 254, "x": 308}, {"y": 253, "x": 309}, {"y": 252, "x": 310}, {"y": 251, "x": 311}, {"y": 251, "x": 312}, {"y": 250, "x": 313}, {"y": 249, "x": 314}, {"y": 249, "x": 315}, {"y": 248, "x": 316}, {"y": 247, "x": 317}, {"y": 246, "x": 318}, {"y": 245, "x": 319}, {"y": 245, "x": 320}, {"y": 244, "x": 321}, {"y": 243, "x": 322}, {"y": 243, "x": 323}, {"y": 242, "x": 324}, {"y": 241, "x": 325}, {"y": 241, "x": 326}, {"y": 240, "x": 327}, {"y": 239, "x": 328}, {"y": 238, "x": 329}, {"y": 237, "x": 330}, {"y": 237, "x": 331}, {"y": 237, "x": 332}, {"y": 236, "x": 333}, {"y": 236, "x": 334}, {"y": 236, "x": 335}, {"y": 235, "x": 336}, {"y": 235, "x": 337}, {"y": 235, "x": 338}, {"y": 234, "x": 339}, {"y": 234, "x": 340}, {"y": 233, "x": 341}, {"y": 233, "x": 342}, {"y": 233, "x": 343}, {"y": 232, "x": 344}, {"y": 232, "x": 345}, {"y": 232, "x": 346}, {"y": 232, "x": 347}, {"y": 231, "x": 348}, {"y": 231, "x": 349}, {"y": 231, "x": 350}, {"y": 230, "x": 351}, {"y": 230, "x": 352}, {"y": 230, "x": 353}, {"y": 230, "x": 354}, {"y": 229, "x": 355}, {"y": 229, "x": 356}, {"y": 228, "x": 357}, {"y": 228, "x": 358}, {"y": 228, "x": 359}, {"y": 228, "x": 360}, {"y": 227, "x": 361}, {"y": 226, "x": 362}, {"y": 226, "x": 363}, {"y": 226, "x": 364}, {"y": 226, "x": 365}, {"y": 226, "x": 366}, {"y": 226, "x": 367}, {"y": 226, "x": 368}, {"y": 226, "x": 369}, {"y": 226, "x": 370}, {"y": 225, "x": 371}, {"y": 225, "x": 372}, {"y": 225, "x": 373}, {"y": 225, "x": 374}, {"y": 225, "x": 375}, {"y": 225, "x": 376}, {"y": 225, "x": 377}, {"y": 225, "x": 378}, {"y": 225, "x": 379}, {"y": 225, "x": 380}, {"y": 225, "x": 381}, {"y": 225, "x": 382}, {"y": 225, "x": 383}, {"y": 225, "x": 384}, {"y": 225, "x": 385}, {"y": 225, "x": 386}, {"y": 225, "x": 387}, {"y": 225, "x": 388}, {"y": 225, "x": 389}, {"y": 226, "x": 390}, {"y": 226, "x": 391}, {"y": 226, "x": 392}, {"y": 227, "x": 393}, {"y": 227, "x": 394}, {"y": 228, "x": 395}, {"y": 229, "x": 396}, {"y": 229, "x": 397}, {"y": 230, "x": 398}, {"y": 230, "x": 399}, {"y": 230, "x": 400}, {"y": 231, "x": 401}, {"y": 231, "x": 402}, {"y": 232, "x": 403}, {"y": 232, "x": 404}, {"y": 233, "x": 405}, {"y": 233, "x": 406}, {"y": 233, "x": 407}, {"y": 234, "x": 408}, {"y": 234, "x": 409}, {"y": 235, "x": 410}, {"y": 235, "x": 411}, {"y": 236, "x": 412}, {"y": 236, "x": 413}, {"y": 237, "x": 414}, {"y": 237, "x": 415}, {"y": 237, "x": 416}, {"y": 238, "x": 417}, {"y": 238, "x": 418}, {"y": 238, "x": 419}, {"y": 239, "x": 420}, {"y": 239, "x": 421}, {"y": 240, "x": 422}, {"y": 240, "x": 423}, {"y": 241, "x": 424}, {"y": 242, "x": 425}, {"y": 242, "x": 426}, {"y": 242, "x": 427}, {"y": 243, "x": 428}, {"y": 243, "x": 429}, {"y": 244, "x": 430}, {"y": 244, "x": 431}, {"y": 244, "x": 432}, {"y": 245, "x": 433}, {"y": 246, "x": 434}, {"y": 246, "x": 435}, {"y": 247, "x": 436}, {"y": 247, "x": 437}, {"y": 248, "x": 438}, {"y": 248, "x": 439}, {"y": 248, "x": 440}, {"y": 249, "x": 441}, {"y": 249, "x": 442}, {"y": 249, "x": 443}, {"y": 250, "x": 444}, {"y": 250, "x": 445}, {"y": 250, "x": 446}, {"y": 251, "x": 447}, {"y": 251, "x": 448}, {"y": 251, "x": 449}, {"y": 252, "x": 450}, {"y": 252, "x": 451}, {"y": 252, "x": 452}, {"y": 252, "x": 453}, {"y": 252, "x": 454}], "frame-0014435.png": [{"y": 266, "x": 299}, {"y": 264, "x": 300}, {"y": 262, "x": 301}, {"y": 260, "x": 302}, {"y": 260, "x": 303}, {"y": 259, "x": 304}, {"y": 258, "x": 305}, {"y": 256, "x": 306}, {"y": 255, "x": 307}, {"y": 254, "x": 308}, {"y": 254, "x": 309}, {"y": 253, "x": 310}, {"y": 252, "x": 311}, {"y": 251, "x": 312}, {"y": 251, "x": 313}, {"y": 250, "x": 314}, {"y": 250, "x": 315}, {"y": 249, "x": 316}, {"y": 249, "x": 317}, {"y": 247, "x": 318}, {"y": 247, "x": 319}, {"y": 246, "x": 320}, {"y": 246, "x": 321}, {"y": 246, "x": 322}, {"y": 246, "x": 323}, {"y": 246, "x": 324}, {"y": 245, "x": 325}, {"y": 244, "x": 326}, {"y": 243, "x": 327}, {"y": 243, "x": 328}, {"y": 242, "x": 329}, {"y": 242, "x": 330}, {"y": 241, "x": 331}, {"y": 240, "x": 332}, {"y": 240, "x": 333}, {"y": 239, "x": 334}, {"y": 239, "x": 335}, {"y": 239, "x": 336}, {"y": 238, "x": 337}, {"y": 237, "x": 338}, {"y": 237, "x": 339}, {"y": 237, "x": 340}, {"y": 236, "x": 341}, {"y": 235, "x": 342}, {"y": 234, "x": 343}, {"y": 233, "x": 344}, {"y": 233, "x": 345}, {"y": 232, "x": 346}, {"y": 231, "x": 347}, {"y": 230, "x": 348}, {"y": 230, "x": 349}, {"y": 230, "x": 350}, {"y": 229, "x": 351}, {"y": 229, "x": 352}, {"y": 229, "x": 353}, {"y": 229, "x": 354}, {"y": 228, "x": 355}, {"y": 228, "x": 356}, {"y": 228, "x": 357}, {"y": 228, "x": 358}, {"y": 228, "x": 359}, {"y": 228, "x": 360}, {"y": 228, "x": 361}, {"y": 227, "x": 362}, {"y": 227, "x": 363}, {"y": 227, "x": 364}, {"y": 226, "x": 365}, {"y": 226, "x": 366}, {"y": 226, "x": 367}, {"y": 226, "x": 368}, {"y": 225, "x": 369}, {"y": 225, "x": 370}, {"y": 225, "x": 371}, {"y": 225, "x": 372}, {"y": 225, "x": 373}, {"y": 225, "x": 374}, {"y": 225, "x": 375}, {"y": 225, "x": 376}, {"y": 225, "x": 377}, {"y": 225, "x": 378}, {"y": 225, "x": 379}, {"y": 225, "x": 380}, {"y": 225, "x": 381}, {"y": 225, "x": 382}, {"y": 225, "x": 383}, {"y": 226, "x": 384}, {"y": 226, "x": 385}, {"y": 226, "x": 386}, {"y": 226, "x": 387}, {"y": 226, "x": 388}, {"y": 226, "x": 389}, {"y": 226, "x": 390}, {"y": 226, "x": 391}, {"y": 226, "x": 392}, {"y": 226, "x": 393}, {"y": 226, "x": 394}, {"y": 226, "x": 395}, {"y": 226, "x": 396}, {"y": 226, "x": 397}, {"y": 226, "x": 398}, {"y": 227, "x": 399}, {"y": 227, "x": 400}, {"y": 228, "x": 401}, {"y": 229, "x": 402}, {"y": 229, "x": 403}, {"y": 230, "x": 404}, {"y": 230, "x": 405}, {"y": 231, "x": 406}, {"y": 231, "x": 407}, {"y": 232, "x": 408}, {"y": 232, "x": 409}, {"y": 234, "x": 410}, {"y": 234, "x": 411}, {"y": 234, "x": 412}, {"y": 234, "x": 413}, {"y": 235, "x": 414}, {"y": 235, "x": 415}, {"y": 236, "x": 416}, {"y": 236, "x": 417}, {"y": 236, "x": 418}, {"y": 237, "x": 419}, {"y": 237, "x": 420}, {"y": 237, "x": 421}, {"y": 238, "x": 422}, {"y": 238, "x": 423}, {"y": 238, "x": 424}, {"y": 239, "x": 425}, {"y": 239, "x": 426}, {"y": 240, "x": 427}, {"y": 240, "x": 428}, {"y": 240, "x": 429}, {"y": 241, "x": 430}, {"y": 241, "x": 431}, {"y": 242, "x": 432}, {"y": 242, "x": 433}, {"y": 242, "x": 434}, {"y": 243, "x": 435}, {"y": 243, "x": 436}, {"y": 243, "x": 437}, {"y": 243, "x": 438}, {"y": 243, "x": 439}, {"y": 244, "x": 440}, {"y": 244, "x": 441}, {"y": 244, "x": 442}, {"y": 244, "x": 443}, {"y": 244, "x": 444}, {"y": 245, "x": 445}, {"y": 245, "x": 446}, {"y": 245, "x": 447}, {"y": 245, "x": 448}, {"y": 245, "x": 449}, {"y": 245, "x": 450}, {"y": 245, "x": 451}, {"y": 245, "x": 452}, {"y": 245, "x": 453}, {"y": 246, "x": 454}, {"y": 247, "x": 455}, {"y": 248, "x": 456}], "frame-0014432.png": [{"y": 258, "x": 296}, {"y": 257, "x": 297}, {"y": 255, "x": 298}, {"y": 255, "x": 299}, {"y": 254, "x": 300}, {"y": 254, "x": 301}, {"y": 252, "x": 302}, {"y": 250, "x": 303}, {"y": 249, "x": 304}, {"y": 248, "x": 305}, {"y": 248, "x": 306}, {"y": 247, "x": 307}, {"y": 247, "x": 308}, {"y": 246, "x": 309}, {"y": 246, "x": 310}, {"y": 246, "x": 311}, {"y": 246, "x": 312}, {"y": 246, "x": 313}, {"y": 245, "x": 314}, {"y": 245, "x": 315}, {"y": 244, "x": 316}, {"y": 244, "x": 317}, {"y": 243, "x": 318}, {"y": 242, "x": 319}, {"y": 242, "x": 320}, {"y": 242, "x": 321}, {"y": 241, "x": 322}, {"y": 241, "x": 323}, {"y": 241, "x": 324}, {"y": 241, "x": 325}, {"y": 239, "x": 326}, {"y": 238, "x": 327}, {"y": 238, "x": 328}, {"y": 238, "x": 329}, {"y": 238, "x": 330}, {"y": 237, "x": 331}, {"y": 236, "x": 332}, {"y": 235, "x": 333}, {"y": 234, "x": 334}, {"y": 234, "x": 335}, {"y": 234, "x": 336}, {"y": 234, "x": 337}, {"y": 233, "x": 338}, {"y": 232, "x": 339}, {"y": 232, "x": 340}, {"y": 231, "x": 341}, {"y": 231, "x": 342}, {"y": 231, "x": 343}, {"y": 230, "x": 344}, {"y": 230, "x": 345}, {"y": 230, "x": 346}, {"y": 230, "x": 347}, {"y": 230, "x": 348}, {"y": 230, "x": 349}, {"y": 230, "x": 350}, {"y": 229, "x": 351}, {"y": 229, "x": 352}, {"y": 229, "x": 353}, {"y": 229, "x": 354}, {"y": 228, "x": 355}, {"y": 228, "x": 356}, {"y": 228, "x": 357}, {"y": 227, "x": 358}, {"y": 227, "x": 359}, {"y": 227, "x": 360}, {"y": 227, "x": 361}, {"y": 227, "x": 362}, {"y": 227, "x": 363}, {"y": 227, "x": 364}, {"y": 226, "x": 365}, {"y": 226, "x": 366}, {"y": 226, "x": 367}, {"y": 226, "x": 368}, {"y": 225, "x": 369}, {"y": 225, "x": 370}, {"y": 225, "x": 371}, {"y": 225, "x": 372}, {"y": 225, "x": 373}, {"y": 225, "x": 374}, {"y": 224, "x": 375}, {"y": 224, "x": 376}, {"y": 224, "x": 377}, {"y": 224, "x": 378}, {"y": 224, "x": 379}, {"y": 224, "x": 380}, {"y": 224, "x": 381}, {"y": 224, "x": 382}, {"y": 224, "x": 383}, {"y": 224, "x": 384}, {"y": 224, "x": 385}, {"y": 224, "x": 386}, {"y": 224, "x": 387}, {"y": 224, "x": 388}, {"y": 225, "x": 389}, {"y": 225, "x": 390}, {"y": 225, "x": 391}, {"y": 225, "x": 392}, {"y": 225, "x": 393}, {"y": 226, "x": 394}, {"y": 226, "x": 395}, {"y": 226, "x": 396}, {"y": 226, "x": 397}, {"y": 227, "x": 398}, {"y": 227, "x": 399}, {"y": 227, "x": 400}, {"y": 228, "x": 401}, {"y": 230, "x": 402}, {"y": 230, "x": 403}, {"y": 230, "x": 404}, {"y": 230, "x": 405}, {"y": 230, "x": 406}, {"y": 230, "x": 407}, {"y": 230, "x": 408}, {"y": 230, "x": 409}, {"y": 231, "x": 410}, {"y": 231, "x": 411}, {"y": 232, "x": 412}, {"y": 232, "x": 413}, {"y": 233, "x": 414}, {"y": 234, "x": 415}, {"y": 234, "x": 416}, {"y": 235, "x": 417}, {"y": 235, "x": 418}, {"y": 236, "x": 419}, {"y": 236, "x": 420}, {"y": 237, "x": 421}, {"y": 237, "x": 422}, {"y": 237, "x": 423}, {"y": 238, "x": 424}, {"y": 238, "x": 425}, {"y": 239, "x": 426}, {"y": 239, "x": 427}, {"y": 240, "x": 428}, {"y": 241, "x": 429}, {"y": 241, "x": 430}, {"y": 242, "x": 431}, {"y": 242, "x": 432}, {"y": 243, "x": 433}, {"y": 243, "x": 434}, {"y": 244, "x": 435}, {"y": 244, "x": 436}, {"y": 245, "x": 437}, {"y": 245, "x": 438}, {"y": 246, "x": 439}, {"y": 247, "x": 440}, {"y": 248, "x": 441}, {"y": 249, "x": 442}, {"y": 250, "x": 443}, {"y": 250, "x": 444}, {"y": 251, "x": 445}, {"y": 252, "x": 446}, {"y": 253, "x": 447}, {"y": 254, "x": 448}, {"y": 256, "x": 449}, {"y": 256, "x": 450}, {"y": 257, "x": 451}, {"y": 257, "x": 452}], "frame-0014433.png": [{"y": 257, "x": 300}, {"y": 257, "x": 301}, {"y": 257, "x": 302}, {"y": 256, "x": 303}, {"y": 256, "x": 304}, {"y": 256, "x": 305}, {"y": 256, "x": 306}, {"y": 254, "x": 307}, {"y": 254, "x": 308}, {"y": 254, "x": 309}, {"y": 253, "x": 310}, {"y": 251, "x": 311}, {"y": 250, "x": 312}, {"y": 250, "x": 313}, {"y": 250, "x": 314}, {"y": 249, "x": 315}, {"y": 249, "x": 316}, {"y": 249, "x": 317}, {"y": 248, "x": 318}, {"y": 247, "x": 319}, {"y": 247, "x": 320}, {"y": 246, "x": 321}, {"y": 246, "x": 322}, {"y": 244, "x": 323}, {"y": 244, "x": 324}, {"y": 243, "x": 325}, {"y": 242, "x": 326}, {"y": 239, "x": 327}, {"y": 239, "x": 328}, {"y": 238, "x": 329}, {"y": 237, "x": 330}, {"y": 236, "x": 331}, {"y": 236, "x": 332}, {"y": 235, "x": 333}, {"y": 235, "x": 334}, {"y": 234, "x": 335}, {"y": 234, "x": 336}, {"y": 233, "x": 337}, {"y": 233, "x": 338}, {"y": 232, "x": 339}, {"y": 232, "x": 340}, {"y": 231, "x": 341}, {"y": 231, "x": 342}, {"y": 231, "x": 343}, {"y": 231, "x": 344}, {"y": 231, "x": 345}, {"y": 230, "x": 346}, {"y": 230, "x": 347}, {"y": 229, "x": 348}, {"y": 229, "x": 349}, {"y": 228, "x": 350}, {"y": 228, "x": 351}, {"y": 228, "x": 352}, {"y": 228, "x": 353}, {"y": 228, "x": 354}, {"y": 228, "x": 355}, {"y": 228, "x": 356}, {"y": 228, "x": 357}, {"y": 228, "x": 358}, {"y": 228, "x": 359}, {"y": 228, "x": 360}, {"y": 228, "x": 361}, {"y": 227, "x": 362}, {"y": 227, "x": 363}, {"y": 227, "x": 364}, {"y": 227, "x": 365}, {"y": 227, "x": 366}, {"y": 227, "x": 367}, {"y": 226, "x": 368}, {"y": 226, "x": 369}, {"y": 226, "x": 370}, {"y": 226, "x": 371}, {"y": 226, "x": 372}, {"y": 226, "x": 373}, {"y": 226, "x": 374}, {"y": 226, "x": 375}, {"y": 226, "x": 376}, {"y": 226, "x": 377}, {"y": 226, "x": 378}, {"y": 226, "x": 379}, {"y": 226, "x": 380}, {"y": 226, "x": 381}, {"y": 226, "x": 382}, {"y": 227, "x": 383}, {"y": 227, "x": 384}, {"y": 227, "x": 385}, {"y": 227, "x": 386}, {"y": 227, "x": 387}, {"y": 227, "x": 388}, {"y": 227, "x": 389}, {"y": 227, "x": 390}, {"y": 228, "x": 391}, {"y": 229, "x": 392}, {"y": 229, "x": 393}, {"y": 229, "x": 394}, {"y": 229, "x": 395}, {"y": 230, "x": 396}, {"y": 230, "x": 397}, {"y": 231, "x": 398}, {"y": 231, "x": 399}, {"y": 232, "x": 400}, {"y": 232, "x": 401}, {"y": 232, "x": 402}, {"y": 232, "x": 403}, {"y": 233, "x": 404}, {"y": 233, "x": 405}, {"y": 234, "x": 406}, {"y": 234, "x": 407}, {"y": 234, "x": 408}, {"y": 235, "x": 409}, {"y": 235, "x": 410}, {"y": 236, "x": 411}, {"y": 236, "x": 412}, {"y": 236, "x": 413}, {"y": 236, "x": 414}, {"y": 236, "x": 415}, {"y": 236, "x": 416}, {"y": 237, "x": 417}, {"y": 238, "x": 418}, {"y": 238, "x": 419}, {"y": 238, "x": 420}, {"y": 238, "x": 421}, {"y": 239, "x": 422}, {"y": 240, "x": 423}, {"y": 240, "x": 424}, {"y": 240, "x": 425}, {"y": 242, "x": 426}, {"y": 242, "x": 427}, {"y": 242, "x": 428}, {"y": 244, "x": 429}, {"y": 245, "x": 430}, {"y": 245, "x": 431}, {"y": 246, "x": 432}, {"y": 246, "x": 433}, {"y": 246, "x": 434}, {"y": 247, "x": 435}, {"y": 247, "x": 436}, {"y": 248, "x": 437}, {"y": 250, "x": 438}, {"y": 250, "x": 439}, {"y": 250, "x": 440}, {"y": 251, "x": 441}, {"y": 252, "x": 442}, {"y": 252, "x": 443}, {"y": 253, "x": 444}, {"y": 252, "x": 445}, {"y": 253, "x": 446}, {"y": 254, "x": 447}, {"y": 254, "x": 448}, {"y": 255, "x": 449}, {"y": 256, "x": 450}], "frame-0014430.png": [{"y": 247, "x": 314}, {"y": 247, "x": 315}, {"y": 247, "x": 316}, {"y": 246, "x": 317}, {"y": 246, "x": 318}, {"y": 245, "x": 319}, {"y": 245, "x": 320}, {"y": 244, "x": 321}, {"y": 242, "x": 322}, {"y": 242, "x": 323}, {"y": 242, "x": 324}, {"y": 241, "x": 325}, {"y": 240, "x": 326}, {"y": 240, "x": 327}, {"y": 239, "x": 328}, {"y": 238, "x": 329}, {"y": 238, "x": 330}, {"y": 237, "x": 331}, {"y": 236, "x": 332}, {"y": 236, "x": 333}, {"y": 235, "x": 334}, {"y": 234, "x": 335}, {"y": 233, "x": 336}, {"y": 233, "x": 337}, {"y": 233, "x": 338}, {"y": 232, "x": 339}, {"y": 232, "x": 340}, {"y": 232, "x": 341}, {"y": 231, "x": 342}, {"y": 231, "x": 343}, {"y": 230, "x": 344}, {"y": 230, "x": 345}, {"y": 229, "x": 346}, {"y": 228, "x": 347}, {"y": 228, "x": 348}, {"y": 227, "x": 349}, {"y": 227, "x": 350}, {"y": 227, "x": 351}, {"y": 227, "x": 352}, {"y": 227, "x": 353}, {"y": 227, "x": 354}, {"y": 227, "x": 355}, {"y": 227, "x": 356}, {"y": 226, "x": 357}, {"y": 226, "x": 358}, {"y": 226, "x": 359}, {"y": 226, "x": 360}, {"y": 226, "x": 361}, {"y": 226, "x": 362}, {"y": 226, "x": 363}, {"y": 226, "x": 364}, {"y": 226, "x": 365}, {"y": 226, "x": 366}, {"y": 226, "x": 367}, {"y": 226, "x": 368}, {"y": 226, "x": 369}, {"y": 226, "x": 370}, {"y": 226, "x": 371}, {"y": 226, "x": 372}, {"y": 227, "x": 373}, {"y": 227, "x": 374}, {"y": 227, "x": 375}, {"y": 227, "x": 376}, {"y": 227, "x": 377}, {"y": 227, "x": 378}, {"y": 227, "x": 379}, {"y": 227, "x": 380}, {"y": 227, "x": 381}, {"y": 227, "x": 382}, {"y": 227, "x": 383}, {"y": 228, "x": 384}, {"y": 228, "x": 385}, {"y": 228, "x": 386}, {"y": 228, "x": 387}, {"y": 228, "x": 388}, {"y": 228, "x": 389}, {"y": 228, "x": 390}, {"y": 229, "x": 391}, {"y": 229, "x": 392}, {"y": 229, "x": 393}, {"y": 229, "x": 394}, {"y": 229, "x": 395}, {"y": 230, "x": 396}, {"y": 230, "x": 397}, {"y": 230, "x": 398}, {"y": 231, "x": 399}, {"y": 231, "x": 400}, {"y": 231, "x": 401}, {"y": 231, "x": 402}, {"y": 231, "x": 403}, {"y": 231, "x": 404}, {"y": 232, "x": 405}, {"y": 233, "x": 406}, {"y": 233, "x": 407}, {"y": 233, "x": 408}, {"y": 234, "x": 409}, {"y": 234, "x": 410}, {"y": 235, "x": 411}, {"y": 235, "x": 412}, {"y": 236, "x": 413}, {"y": 237, "x": 414}, {"y": 237, "x": 415}, {"y": 238, "x": 416}, {"y": 238, "x": 417}, {"y": 239, "x": 418}, {"y": 239, "x": 419}, {"y": 239, "x": 420}, {"y": 240, "x": 421}, {"y": 240, "x": 422}, {"y": 241, "x": 423}, {"y": 242, "x": 424}, {"y": 242, "x": 425}, {"y": 243, "x": 426}, {"y": 244, "x": 427}, {"y": 244, "x": 428}, {"y": 245, "x": 429}, {"y": 246, "x": 430}, {"y": 246, "x": 431}, {"y": 247, "x": 432}, {"y": 247, "x": 433}, {"y": 248, "x": 434}, {"y": 248, "x": 435}, {"y": 249, "x": 436}, {"y": 249, "x": 437}, {"y": 250, "x": 438}, {"y": 251, "x": 439}, {"y": 251, "x": 440}, {"y": 252, "x": 441}, {"y": 252, "x": 442}, {"y": 254, "x": 443}, {"y": 255, "x": 444}, {"y": 256, "x": 445}, {"y": 256, "x": 446}, {"y": 258, "x": 447}, {"y": 258, "x": 448}, {"y": 259, "x": 449}, {"y": 260, "x": 450}, {"y": 263, "x": 451}, {"y": 264, "x": 452}, {"y": 265, "x": 453}], "frame-0014431.png": [{"y": 254, "x": 305}, {"y": 252, "x": 306}, {"y": 250, "x": 307}, {"y": 249, "x": 308}, {"y": 247, "x": 309}, {"y": 246, "x": 310}, {"y": 245, "x": 311}, {"y": 245, "x": 312}, {"y": 244, "x": 313}, {"y": 243, "x": 314}, {"y": 242, "x": 315}, {"y": 242, "x": 316}, {"y": 242, "x": 317}, {"y": 242, "x": 318}, {"y": 241, "x": 319}, {"y": 241, "x": 320}, {"y": 241, "x": 321}, {"y": 240, "x": 322}, {"y": 239, "x": 323}, {"y": 239, "x": 324}, {"y": 238, "x": 325}, {"y": 238, "x": 326}, {"y": 238, "x": 327}, {"y": 238, "x": 328}, {"y": 238, "x": 329}, {"y": 237, "x": 330}, {"y": 237, "x": 331}, {"y": 237, "x": 332}, {"y": 236, "x": 333}, {"y": 236, "x": 334}, {"y": 236, "x": 335}, {"y": 235, "x": 336}, {"y": 234, "x": 337}, {"y": 234, "x": 338}, {"y": 234, "x": 339}, {"y": 234, "x": 340}, {"y": 233, "x": 341}, {"y": 233, "x": 342}, {"y": 232, "x": 343}, {"y": 232, "x": 344}, {"y": 231, "x": 345}, {"y": 231, "x": 346}, {"y": 230, "x": 347}, {"y": 230, "x": 348}, {"y": 230, "x": 349}, {"y": 230, "x": 350}, {"y": 230, "x": 351}, {"y": 230, "x": 352}, {"y": 229, "x": 353}, {"y": 229, "x": 354}, {"y": 228, "x": 355}, {"y": 228, "x": 356}, {"y": 228, "x": 357}, {"y": 228, "x": 358}, {"y": 227, "x": 359}, {"y": 227, "x": 360}, {"y": 227, "x": 361}, {"y": 227, "x": 362}, {"y": 227, "x": 363}, {"y": 227, "x": 364}, {"y": 227, "x": 365}, {"y": 227, "x": 366}, {"y": 227, "x": 367}, {"y": 227, "x": 368}, {"y": 227, "x": 369}, {"y": 227, "x": 370}, {"y": 227, "x": 371}, {"y": 227, "x": 372}, {"y": 227, "x": 373}, {"y": 228, "x": 374}, {"y": 228, "x": 375}, {"y": 228, "x": 376}, {"y": 228, "x": 377}, {"y": 228, "x": 378}, {"y": 228, "x": 379}, {"y": 228, "x": 380}, {"y": 228, "x": 381}, {"y": 228, "x": 382}, {"y": 228, "x": 383}, {"y": 228, "x": 384}, {"y": 228, "x": 385}, {"y": 228, "x": 386}, {"y": 228, "x": 387}, {"y": 228, "x": 388}, {"y": 229, "x": 389}, {"y": 229, "x": 390}, {"y": 229, "x": 391}, {"y": 229, "x": 392}, {"y": 229, "x": 393}, {"y": 230, "x": 394}, {"y": 230, "x": 395}, {"y": 230, "x": 396}, {"y": 230, "x": 397}, {"y": 230, "x": 398}, {"y": 230, "x": 399}, {"y": 230, "x": 400}, {"y": 230, "x": 401}, {"y": 231, "x": 402}, {"y": 231, "x": 403}, {"y": 232, "x": 404}, {"y": 232, "x": 405}, {"y": 233, "x": 406}, {"y": 234, "x": 407}, {"y": 234, "x": 408}, {"y": 234, "x": 409}, {"y": 234, "x": 410}, {"y": 234, "x": 411}, {"y": 234, "x": 412}, {"y": 234, "x": 413}, {"y": 235, "x": 414}, {"y": 235, "x": 415}, {"y": 235, "x": 416}, {"y": 235, "x": 417}, {"y": 235, "x": 418}, {"y": 235, "x": 419}, {"y": 235, "x": 420}, {"y": 235, "x": 421}, {"y": 236, "x": 422}, {"y": 236, "x": 423}, {"y": 236, "x": 424}, {"y": 236, "x": 425}, {"y": 237, "x": 426}, {"y": 238, "x": 427}, {"y": 238, "x": 428}, {"y": 238, "x": 429}, {"y": 240, "x": 430}, {"y": 241, "x": 431}, {"y": 241, "x": 432}, {"y": 241, "x": 433}, {"y": 242, "x": 434}, {"y": 244, "x": 435}, {"y": 245, "x": 436}, {"y": 245, "x": 437}, {"y": 246, "x": 438}, {"y": 247, "x": 439}, {"y": 248, "x": 440}, {"y": 249, "x": 441}, {"y": 250, "x": 442}, {"y": 251, "x": 443}, {"y": 252, "x": 444}, {"y": 253, "x": 445}, {"y": 254, "x": 446}, {"y": 255, "x": 447}, {"y": 256, "x": 448}, {"y": 257, "x": 449}, {"y": 258, "x": 450}, {"y": 258, "x": 451}, {"y": 258, "x": 452}, {"y": 259, "x": 453}, {"y": 260, "x": 454}, {"y": 262, "x": 455}], "frame-0014438.png": [{"y": 252, "x": 299}, {"y": 252, "x": 300}, {"y": 251, "x": 301}, {"y": 251, "x": 302}, {"y": 250, "x": 303}, {"y": 250, "x": 304}, {"y": 249, "x": 305}, {"y": 248, "x": 306}, {"y": 248, "x": 307}, {"y": 247, "x": 308}, {"y": 246, "x": 309}, {"y": 246, "x": 310}, {"y": 245, "x": 311}, {"y": 244, "x": 312}, {"y": 243, "x": 313}, {"y": 243, "x": 314}, {"y": 242, "x": 315}, {"y": 241, "x": 316}, {"y": 240, "x": 317}, {"y": 239, "x": 318}, {"y": 239, "x": 319}, {"y": 239, "x": 320}, {"y": 238, "x": 321}, {"y": 238, "x": 322}, {"y": 237, "x": 323}, {"y": 237, "x": 324}, {"y": 236, "x": 325}, {"y": 235, "x": 326}, {"y": 234, "x": 327}, {"y": 233, "x": 328}, {"y": 233, "x": 329}, {"y": 232, "x": 330}, {"y": 232, "x": 331}, {"y": 232, "x": 332}, {"y": 231, "x": 333}, {"y": 231, "x": 334}, {"y": 230, "x": 335}, {"y": 230, "x": 336}, {"y": 230, "x": 337}, {"y": 230, "x": 338}, {"y": 230, "x": 339}, {"y": 230, "x": 340}, {"y": 229, "x": 341}, {"y": 228, "x": 342}, {"y": 228, "x": 343}, {"y": 228, "x": 344}, {"y": 228, "x": 345}, {"y": 228, "x": 346}, {"y": 228, "x": 347}, {"y": 227, "x": 348}, {"y": 227, "x": 349}, {"y": 226, "x": 350}, {"y": 226, "x": 351}, {"y": 226, "x": 352}, {"y": 226, "x": 353}, {"y": 226, "x": 354}, {"y": 226, "x": 355}, {"y": 226, "x": 356}, {"y": 226, "x": 357}, {"y": 225, "x": 358}, {"y": 225, "x": 359}, {"y": 225, "x": 360}, {"y": 224, "x": 361}, {"y": 224, "x": 362}, {"y": 223, "x": 363}, {"y": 223, "x": 364}, {"y": 223, "x": 365}, {"y": 223, "x": 366}, {"y": 223, "x": 367}, {"y": 223, "x": 368}, {"y": 222, "x": 369}, {"y": 222, "x": 370}, {"y": 222, "x": 371}, {"y": 222, "x": 372}, {"y": 222, "x": 373}, {"y": 221, "x": 374}, {"y": 221, "x": 375}, {"y": 221, "x": 376}, {"y": 220, "x": 377}, {"y": 220, "x": 378}, {"y": 220, "x": 379}, {"y": 220, "x": 380}, {"y": 219, "x": 381}, {"y": 219, "x": 382}, {"y": 219, "x": 383}, {"y": 219, "x": 384}, {"y": 219, "x": 385}, {"y": 219, "x": 386}, {"y": 219, "x": 387}, {"y": 219, "x": 388}, {"y": 219, "x": 389}, {"y": 220, "x": 390}, {"y": 220, "x": 391}, {"y": 220, "x": 392}, {"y": 220, "x": 393}, {"y": 220, "x": 394}, {"y": 220, "x": 395}, {"y": 220, "x": 396}, {"y": 220, "x": 397}, {"y": 220, "x": 398}, {"y": 221, "x": 399}, {"y": 221, "x": 400}, {"y": 221, "x": 401}, {"y": 221, "x": 402}, {"y": 221, "x": 403}, {"y": 221, "x": 404}, {"y": 221, "x": 405}, {"y": 221, "x": 406}, {"y": 221, "x": 407}, {"y": 222, "x": 408}, {"y": 222, "x": 409}, {"y": 222, "x": 410}, {"y": 223, "x": 411}, {"y": 223, "x": 412}, {"y": 223, "x": 413}, {"y": 224, "x": 414}, {"y": 225, "x": 415}, {"y": 225, "x": 416}, {"y": 226, "x": 417}, {"y": 226, "x": 418}, {"y": 227, "x": 419}, {"y": 227, "x": 420}, {"y": 228, "x": 421}, {"y": 228, "x": 422}, {"y": 228, "x": 423}, {"y": 229, "x": 424}, {"y": 230, "x": 425}, {"y": 230, "x": 426}, {"y": 231, "x": 427}, {"y": 232, "x": 428}, {"y": 232, "x": 429}, {"y": 233, "x": 430}, {"y": 233, "x": 431}, {"y": 233, "x": 432}, {"y": 233, "x": 433}, {"y": 234, "x": 434}, {"y": 234, "x": 435}, {"y": 234, "x": 436}, {"y": 235, "x": 437}, {"y": 235, "x": 438}, {"y": 235, "x": 439}, {"y": 236, "x": 440}, {"y": 237, "x": 441}, {"y": 237, "x": 442}, {"y": 238, "x": 443}, {"y": 238, "x": 444}, {"y": 239, "x": 445}, {"y": 239, "x": 446}, {"y": 240, "x": 447}, {"y": 241, "x": 448}, {"y": 242, "x": 449}, {"y": 243, "x": 450}, {"y": 244, "x": 451}, {"y": 243, "x": 452}, {"y": 243, "x": 453}, {"y": 244, "x": 454}, {"y": 245, "x": 455}, {"y": 246, "x": 456}, {"y": 246, "x": 457}, {"y": 247, "x": 458}, {"y": 248, "x": 459}, {"y": 248, "x": 460}, {"y": 249, "x": 461}, {"y": 249, "x": 462}, {"y": 250, "x": 463}, {"y": 250, "x": 464}, {"y": 250, "x": 465}], "frame-0014439.png": [{"y": 263, "x": 289}, {"y": 262, "x": 290}, {"y": 262, "x": 291}, {"y": 262, "x": 292}, {"y": 261, "x": 293}, {"y": 261, "x": 294}, {"y": 261, "x": 295}, {"y": 261, "x": 296}, {"y": 260, "x": 297}, {"y": 260, "x": 298}, {"y": 259, "x": 299}, {"y": 258, "x": 300}, {"y": 258, "x": 301}, {"y": 258, "x": 302}, {"y": 256, "x": 303}, {"y": 255, "x": 304}, {"y": 254, "x": 305}, {"y": 253, "x": 306}, {"y": 252, "x": 307}, {"y": 252, "x": 308}, {"y": 251, "x": 309}, {"y": 251, "x": 310}, {"y": 250, "x": 311}, {"y": 250, "x": 312}, {"y": 249, "x": 313}, {"y": 249, "x": 314}, {"y": 248, "x": 315}, {"y": 248, "x": 316}, {"y": 247, "x": 317}, {"y": 247, "x": 318}, {"y": 246, "x": 319}, {"y": 245, "x": 320}, {"y": 244, "x": 321}, {"y": 243, "x": 322}, {"y": 243, "x": 323}, {"y": 242, "x": 324}, {"y": 241, "x": 325}, {"y": 240, "x": 326}, {"y": 240, "x": 327}, {"y": 240, "x": 328}, {"y": 239, "x": 329}, {"y": 238, "x": 330}, {"y": 237, "x": 331}, {"y": 236, "x": 332}, {"y": 236, "x": 333}, {"y": 235, "x": 334}, {"y": 234, "x": 335}, {"y": 233, "x": 336}, {"y": 233, "x": 337}, {"y": 233, "x": 338}, {"y": 233, "x": 339}, {"y": 232, "x": 340}, {"y": 232, "x": 341}, {"y": 232, "x": 342}, {"y": 231, "x": 343}, {"y": 231, "x": 344}, {"y": 231, "x": 345}, {"y": 230, "x": 346}, {"y": 230, "x": 347}, {"y": 230, "x": 348}, {"y": 230, "x": 349}, {"y": 230, "x": 350}, {"y": 229, "x": 351}, {"y": 229, "x": 352}, {"y": 228, "x": 353}, {"y": 228, "x": 354}, {"y": 228, "x": 355}, {"y": 227, "x": 356}, {"y": 227, "x": 357}, {"y": 226, "x": 358}, {"y": 226, "x": 359}, {"y": 226, "x": 360}, {"y": 226, "x": 361}, {"y": 226, "x": 362}, {"y": 226, "x": 363}, {"y": 225, "x": 364}, {"y": 225, "x": 365}, {"y": 225, "x": 366}, {"y": 225, "x": 367}, {"y": 225, "x": 368}, {"y": 225, "x": 369}, {"y": 225, "x": 370}, {"y": 224, "x": 371}, {"y": 224, "x": 372}, {"y": 223, "x": 373}, {"y": 223, "x": 374}, {"y": 223, "x": 375}, {"y": 222, "x": 376}, {"y": 222, "x": 377}, {"y": 222, "x": 378}, {"y": 222, "x": 379}, {"y": 222, "x": 380}, {"y": 222, "x": 381}, {"y": 222, "x": 382}, {"y": 222, "x": 383}, {"y": 222, "x": 384}, {"y": 222, "x": 385}, {"y": 222, "x": 386}, {"y": 222, "x": 387}, {"y": 222, "x": 388}, {"y": 222, "x": 389}, {"y": 222, "x": 390}, {"y": 222, "x": 391}, {"y": 222, "x": 392}, {"y": 222, "x": 393}, {"y": 222, "x": 394}, {"y": 222, "x": 395}, {"y": 222, "x": 396}, {"y": 221, "x": 397}, {"y": 221, "x": 398}, {"y": 221, "x": 399}, {"y": 221, "x": 400}, {"y": 221, "x": 401}, {"y": 221, "x": 402}, {"y": 221, "x": 403}, {"y": 221, "x": 404}, {"y": 221, "x": 405}, {"y": 221, "x": 406}, {"y": 221, "x": 407}, {"y": 221, "x": 408}, {"y": 221, "x": 409}, {"y": 221, "x": 410}, {"y": 221, "x": 411}, {"y": 221, "x": 412}, {"y": 222, "x": 413}, {"y": 222, "x": 414}, {"y": 222, "x": 415}, {"y": 222, "x": 416}, {"y": 223, "x": 417}, {"y": 224, "x": 418}, {"y": 225, "x": 419}, {"y": 225, "x": 420}, {"y": 226, "x": 421}, {"y": 227, "x": 422}, {"y": 228, "x": 423}, {"y": 230, "x": 424}, {"y": 230, "x": 425}, {"y": 231, "x": 426}, {"y": 231, "x": 427}, {"y": 232, "x": 428}, {"y": 233, "x": 429}, {"y": 234, "x": 430}, {"y": 235, "x": 431}, {"y": 237, "x": 432}, {"y": 238, "x": 433}, {"y": 238, "x": 434}, {"y": 239, "x": 435}, {"y": 239, "x": 436}, {"y": 239, "x": 437}, {"y": 240, "x": 438}, {"y": 240, "x": 439}, {"y": 240, "x": 440}, {"y": 241, "x": 441}, {"y": 242, "x": 442}, {"y": 242, "x": 443}, {"y": 242, "x": 444}, {"y": 242, "x": 445}, {"y": 242, "x": 446}, {"y": 242, "x": 447}, {"y": 243, "x": 448}, {"y": 243, "x": 449}, {"y": 243, "x": 450}, {"y": 244, "x": 451}, {"y": 244, "x": 452}, {"y": 244, "x": 453}, {"y": 245, "x": 454}, {"y": 245, "x": 455}, {"y": 245, "x": 456}, {"y": 246, "x": 457}, {"y": 246, "x": 458}, {"y": 246, "x": 459}, {"y": 246, "x": 460}, {"y": 246, "x": 461}, {"y": 246, "x": 462}, {"y": 248, "x": 463}, {"y": 248, "x": 464}, {"y": 249, "x": 465}, {"y": 250, "x": 466}, {"y": 253, "x": 467}, {"y": 254, "x": 468}]}}